manager_id,department,division,job_level,level_rank,country,region,manager_active,reports_total,reports_active,reports_exited,reports_voluntary,avg_engagement,avg_compa_ratio,team_attrition_rate,span_band
1746,Supply Chain,Operations,Manager,6,Poland,EMEA,1,40,33,7,6,72.0,1.0008,0.175,3. Wide (>10)
954,Supply Chain,Operations,Manager,6,India,APAC,0,39,28,11,3,71.2,0.993,0.2821,3. Wide (>10)
1486,Marketing,Go-To-Market,Manager,6,Poland,EMEA,1,31,23,8,8,74.9,1.0198,0.2581,3. Wide (>10)
1510,Human Resources,Corporate,Manager,6,India,APAC,0,29,13,16,13,73.7,0.9889,0.5517,3. Wide (>10)
981,Supply Chain,Operations,Manager,6,India,APAC,1,29,22,7,7,71.8,0.9884,0.2414,3. Wide (>10)
842,Software Engineering,Technology,Manager,6,India,APAC,1,28,26,2,1,68.8,1.0049,0.0714,3. Wide (>10)
284,Software Engineering,Technology,Manager,6,Canada,North America,1,27,20,7,7,72.5,0.9729,0.2593,3. Wide (>10)
2450,Human Resources,Corporate,Manager,6,India,APAC,1,25,18,7,5,67.8,0.9832,0.28,3. Wide (>10)
399,Manufacturing,Operations,Manager,6,Canada,North America,0,22,18,4,3,67.5,1.0006,0.1818,3. Wide (>10)
550,IT Operations,Technology,Manager,6,India,APAC,1,21,20,1,1,69.4,0.9671,0.0476,3. Wide (>10)
1605,Manufacturing,Operations,Manager,6,Canada,North America,1,20,16,4,3,67.7,0.9773,0.2,3. Wide (>10)
1904,Marketing,Go-To-Market,Manager,6,Canada,North America,1,20,17,3,2,66.1,0.9996,0.15,3. Wide (>10)
2624,Customer Support,Operations,Manager,6,Canada,North America,0,20,19,1,0,69.4,0.9913,0.05,3. Wide (>10)
2632,Human Resources,Corporate,Manager,6,India,APAC,1,20,14,6,3,70.5,0.999,0.3,3. Wide (>10)
747,Manufacturing,Operations,Manager,6,United Kingdom,EMEA,1,20,15,5,3,69.5,0.9841,0.25,3. Wide (>10)
1081,Finance & Accounting,Corporate,Manager,6,Canada,North America,1,19,16,3,2,70.8,0.9901,0.1579,3. Wide (>10)
2134,Supply Chain,Operations,Manager,6,Canada,North America,1,19,14,5,4,66.5,0.9993,0.2632,3. Wide (>10)
2695,Inside Sales,Go-To-Market,Manager,6,India,APAC,1,19,13,6,6,70.6,0.9976,0.3158,3. Wide (>10)
1112,IT Operations,Technology,Manager,6,India,APAC,1,18,11,7,4,69.1,0.9894,0.3889,3. Wide (>10)
1163,Marketing,Go-To-Market,Manager,6,Canada,North America,1,18,14,4,3,70.8,0.9956,0.2222,3. Wide (>10)
14,Data & Analytics,Technology,Manager,6,India,APAC,0,18,13,5,3,73.4,1.0022,0.2778,3. Wide (>10)
2708,Manufacturing,Operations,Manager,6,Canada,North America,1,18,11,7,5,70.6,1.0028,0.3889,3. Wide (>10)
625,Finance & Accounting,Corporate,Manager,6,Canada,North America,1,18,15,3,2,69.5,0.9803,0.1667,3. Wide (>10)
1670,Software Engineering,Technology,Manager,6,Canada,North America,1,17,15,2,2,63.9,0.9605,0.1176,3. Wide (>10)
1958,Inside Sales,Go-To-Market,Manager,6,India,APAC,0,17,13,4,3,68.4,1.016,0.2353,3. Wide (>10)
204,Software Engineering,Technology,Manager,6,Canada,North America,1,17,15,2,1,67.8,0.9679,0.1176,3. Wide (>10)
2488,Software Engineering,Technology,Manager,6,India,APAC,0,17,11,6,3,63.1,0.994,0.3529,3. Wide (>10)
2517,Marketing,Go-To-Market,Manager,6,India,APAC,0,17,14,3,3,75.5,1.0414,0.1765,3. Wide (>10)
392,Data & Analytics,Technology,Manager,6,India,APAC,1,17,16,1,1,73.6,0.9795,0.0588,3. Wide (>10)
798,Data & Analytics,Technology,Manager,6,India,APAC,1,17,16,1,1,65.4,1.0152,0.0588,3. Wide (>10)
107,Software Engineering,Technology,Manager,6,Canada,North America,1,16,14,2,0,70.2,0.9848,0.125,3. Wide (>10)
1803,Data & Analytics,Technology,Manager,6,India,APAC,1,16,11,5,3,66.9,1.0001,0.3125,3. Wide (>10)
2666,Product Management,Technology,Manager,6,Poland,EMEA,1,16,13,3,2,65.8,0.9664,0.1875,3. Wide (>10)
1040,IT Operations,Technology,Manager,6,United States,North America,1,15,13,2,2,71.0,1.0198,0.1333,3. Wide (>10)
1135,Product Management,Technology,Manager,6,India,APAC,0,15,9,6,2,67.2,0.996,0.4,2. Healthy (4-10)
1285,Inside Sales,Go-To-Market,Manager,6,India,APAC,1,15,11,4,4,70.4,0.9984,0.2667,3. Wide (>10)
1933,Marketing,Go-To-Market,Manager,6,India,APAC,1,15,8,7,5,74.9,0.981,0.4667,2. Healthy (4-10)
2405,Customer Support,Operations,Manager,6,United Kingdom,EMEA,1,15,12,3,1,77.0,0.9763,0.2,3. Wide (>10)
2447,Inside Sales,Go-To-Market,Manager,6,United States,North America,1,15,7,8,4,63.8,0.9851,0.5333,2. Healthy (4-10)
2650,IT Operations,Technology,Manager,6,United Kingdom,EMEA,1,15,12,3,1,70.6,1.0022,0.2,3. Wide (>10)
2667,Supply Chain,Operations,Manager,6,Canada,North America,1,15,9,6,5,69.1,1.0159,0.4,2. Healthy (4-10)
2729,Human Resources,Corporate,Manager,6,United States,North America,1,15,13,2,2,73.5,1.0087,0.1333,3. Wide (>10)
282,IT Operations,Technology,Manager,6,Canada,North America,1,15,8,7,4,68.2,1.0049,0.4667,2. Healthy (4-10)
417,Field Sales,Go-To-Market,Manager,6,Canada,North America,0,15,10,5,3,66.3,0.9793,0.3333,2. Healthy (4-10)
470,Manufacturing,Operations,Manager,6,United Kingdom,EMEA,0,15,10,5,4,71.3,0.9866,0.3333,2. Healthy (4-10)
928,Finance & Accounting,Corporate,Manager,6,Canada,North America,1,15,14,1,1,71.0,0.9538,0.0667,3. Wide (>10)
106,Software Engineering,Technology,Manager,6,United States,North America,1,14,11,3,2,68.6,0.9914,0.2143,3. Wide (>10)
1551,Finance & Accounting,Corporate,Manager,6,Canada,North America,1,14,11,3,2,66.2,0.9976,0.2143,3. Wide (>10)
1755,Human Resources,Corporate,Manager,6,United States,North America,1,14,10,4,3,71.5,0.9791,0.2857,2. Healthy (4-10)
1818,Product Management,Technology,Manager,6,Canada,North America,1,14,10,4,4,69.9,1.0064,0.2857,2. Healthy (4-10)
1893,IT Operations,Technology,Manager,6,Singapore,APAC,1,14,11,3,3,73.2,0.9986,0.2143,3. Wide (>10)
2060,Marketing,Go-To-Market,Manager,6,Canada,North America,1,14,12,2,2,67.7,0.9953,0.1429,3. Wide (>10)
2308,IT Operations,Technology,Manager,6,Germany,EMEA,1,14,10,4,3,69.7,0.9585,0.2857,2. Healthy (4-10)
2324,Software Engineering,Technology,Manager,6,Canada,North America,0,14,13,1,1,70.1,1.0035,0.0714,3. Wide (>10)
2750,Product Management,Technology,Manager,6,Germany,EMEA,1,14,12,2,2,76.5,0.9678,0.1429,3. Wide (>10)
2770,Product Management,Technology,Manager,6,Canada,North America,1,14,9,5,4,64.6,0.9888,0.3571,2. Healthy (4-10)
440,Finance & Accounting,Corporate,Manager,6,Canada,North America,1,14,9,5,5,68.5,0.9773,0.3571,2. Healthy (4-10)
553,Marketing,Go-To-Market,Manager,6,Canada,North America,1,14,12,2,1,69.8,1.0391,0.1429,3. Wide (>10)
59,IT Operations,Technology,Manager,6,United States,North America,1,14,8,6,3,68.0,0.9825,0.4286,2. Healthy (4-10)
1091,Field Sales,Go-To-Market,Manager,6,Canada,North America,1,13,9,4,4,64.4,0.9859,0.3077,2. Healthy (4-10)
1194,Field Sales,Go-To-Market,Manager,6,India,APAC,1,13,9,4,3,66.4,1.0022,0.3077,2. Healthy (4-10)
1196,Manufacturing,Operations,Manager,6,India,APAC,1,13,8,5,5,73.8,0.9925,0.3846,2. Healthy (4-10)
1432,Data & Analytics,Technology,Manager,6,United States,North America,1,13,11,2,2,67.7,0.9772,0.1538,3. Wide (>10)
1480,Manufacturing,Operations,Director,8,Canada,North America,1,13,10,3,3,61.6,1.0232,0.2308,2. Healthy (4-10)
1899,Inside Sales,Go-To-Market,Manager,6,Canada,North America,1,13,10,3,2,70.0,1.0068,0.2308,2. Healthy (4-10)
2158,Inside Sales,Go-To-Market,Manager,6,United Kingdom,EMEA,1,13,10,3,2,62.1,0.9944,0.2308,2. Healthy (4-10)
2173,Marketing,Go-To-Market,Manager,6,United States,North America,1,13,9,4,3,75.3,0.962,0.3077,2. Healthy (4-10)
2712,IT Operations,Technology,Manager,6,United States,North America,1,13,12,1,1,74.2,1.0262,0.0769,3. Wide (>10)
378,Manufacturing,Operations,Manager,6,India,APAC,1,13,12,1,0,71.8,0.9881,0.0769,3. Wide (>10)
419,Product Management,Technology,Manager,6,India,APAC,0,13,10,3,3,65.2,0.9631,0.2308,2. Healthy (4-10)
596,Software Engineering,Technology,Manager,6,India,APAC,0,13,11,2,2,76.8,0.964,0.1538,3. Wide (>10)
607,Product Management,Technology,Manager,6,Canada,North America,0,13,7,6,4,66.3,1.0112,0.4615,2. Healthy (4-10)
694,Manufacturing,Operations,Manager,6,Canada,North America,1,13,11,2,1,70.2,0.9835,0.1538,3. Wide (>10)
1363,Human Resources,Corporate,Manager,6,Poland,EMEA,1,12,10,2,1,68.3,1.0005,0.1667,2. Healthy (4-10)
1483,Human Resources,Corporate,Manager,6,Canada,North America,1,12,9,3,1,68.1,0.9698,0.25,2. Healthy (4-10)
153,Manufacturing,Operations,Manager,6,India,APAC,0,12,10,2,2,66.8,0.9733,0.1667,2. Healthy (4-10)
1930,Marketing,Go-To-Market,Manager,6,Canada,North America,1,12,12,0,0,68.1,0.9841,0.0,3. Wide (>10)
1996,Supply Chain,Operations,Manager,6,Canada,North America,1,12,10,2,1,68.5,0.9672,0.1667,2. Healthy (4-10)
201,Customer Support,Operations,Manager,6,Canada,North America,1,12,11,1,1,66.0,0.9652,0.0833,3. Wide (>10)
240,Human Resources,Corporate,Manager,6,Poland,EMEA,0,12,12,0,0,67.5,1.0236,0.0,3. Wide (>10)
267,Marketing,Go-To-Market,Manager,6,Singapore,APAC,0,12,9,3,3,66.8,1.0109,0.25,2. Healthy (4-10)
269,Data & Analytics,Technology,Manager,6,Canada,North America,0,12,7,5,3,71.1,0.9841,0.4167,2. Healthy (4-10)
272,Inside Sales,Go-To-Market,Manager,6,United Kingdom,EMEA,1,12,12,0,0,66.5,1.0221,0.0,3. Wide (>10)
508,Field Sales,Go-To-Market,Manager,6,United States,North America,1,12,10,2,2,75.2,0.9786,0.1667,2. Healthy (4-10)
723,Product Management,Technology,Manager,6,Canada,North America,1,12,7,5,3,71.1,0.9522,0.4167,2. Healthy (4-10)
886,Inside Sales,Go-To-Market,Manager,6,Poland,EMEA,1,12,9,3,1,74.4,1.0123,0.25,2. Healthy (4-10)
1061,Field Sales,Go-To-Market,Manager,6,India,APAC,1,11,2,9,7,67.3,1.0015,0.8182,1. Thin (<4)
115,Product Management,Technology,Manager,6,India,APAC,1,11,7,4,3,67.8,0.9644,0.3636,2. Healthy (4-10)
15,Customer Support,Operations,Manager,6,Canada,North America,1,11,3,8,6,74.1,0.9687,0.7273,1. Thin (<4)
166,Inside Sales,Go-To-Market,Manager,6,Canada,North America,0,11,6,5,4,64.3,1.0061,0.4545,2. Healthy (4-10)
1777,Human Resources,Corporate,Manager,6,Poland,EMEA,1,11,9,2,2,69.5,0.9774,0.1818,2. Healthy (4-10)
1948,Product Management,Technology,Manager,6,India,APAC,1,11,7,4,4,68.0,0.9732,0.3636,2. Healthy (4-10)
216,Product Management,Technology,Manager,6,India,APAC,1,11,6,5,2,64.0,1.0045,0.4545,2. Healthy (4-10)
2368,Data & Analytics,Technology,Manager,6,Canada,North America,1,11,9,2,2,71.6,1.0181,0.1818,2. Healthy (4-10)
2607,IT Operations,Technology,Manager,6,Canada,North America,1,11,9,2,1,74.0,0.9862,0.1818,2. Healthy (4-10)
2751,Inside Sales,Go-To-Market,Manager,6,Canada,North America,1,11,10,1,1,79.4,0.9616,0.0909,2. Healthy (4-10)
324,Field Sales,Go-To-Market,Senior Manager,7,Canada,North America,1,11,9,2,2,71.6,1.008,0.1818,2. Healthy (4-10)
557,Software Engineering,Technology,Manager,6,Canada,North America,1,11,7,4,3,70.3,0.9532,0.3636,2. Healthy (4-10)
592,IT Operations,Technology,Manager,6,India,APAC,1,11,9,2,2,83.2,0.9807,0.1818,2. Healthy (4-10)
599,Field Sales,Go-To-Market,Manager,6,India,APAC,0,11,9,2,2,70.4,0.939,0.1818,2. Healthy (4-10)
805,Field Sales,Go-To-Market,Manager,6,Canada,North America,1,11,10,1,1,68.8,0.9811,0.0909,2. Healthy (4-10)
865,Customer Support,Operations,Manager,6,India,APAC,1,11,9,2,2,75.0,1.0225,0.1818,2. Healthy (4-10)
917,Human Resources,Corporate,Manager,6,Canada,North America,1,11,8,3,2,69.3,0.9848,0.2727,2. Healthy (4-10)
1217,Manufacturing,Operations,Manager,6,Canada,North America,1,10,10,0,0,65.0,0.9925,0.0,2. Healthy (4-10)
1225,Human Resources,Corporate,Manager,6,Canada,North America,1,10,5,5,4,64.0,0.9693,0.5,2. Healthy (4-10)
1338,IT Operations,Technology,Manager,6,Canada,North America,1,10,7,3,1,67.1,0.9919,0.3,2. Healthy (4-10)
137,Inside Sales,Go-To-Market,Manager,6,Canada,North America,0,10,9,1,1,72.2,0.9945,0.1,2. Healthy (4-10)
1506,Product Management,Technology,Manager,6,Mexico,Latin America,1,10,6,4,2,60.1,1.0106,0.4,2. Healthy (4-10)
1569,Finance & Accounting,Corporate,Manager,6,India,APAC,1,10,6,4,3,67.6,1.0164,0.4,2. Healthy (4-10)
1734,Product Management,Technology,Manager,6,Canada,North America,1,10,7,3,1,59.6,1.0262,0.3,2. Healthy (4-10)
1750,Customer Support,Operations,Manager,6,India,APAC,1,10,6,4,2,71.1,1.0069,0.4,2. Healthy (4-10)
1807,Customer Support,Operations,Manager,6,Singapore,APAC,1,10,9,1,0,72.5,1.0066,0.1,2. Healthy (4-10)
2095,Customer Support,Operations,Manager,6,United Kingdom,EMEA,1,10,7,3,2,73.3,0.9769,0.3,2. Healthy (4-10)
2305,Field Sales,Go-To-Market,Manager,6,Canada,North America,1,10,8,2,2,77.3,1.0208,0.2,2. Healthy (4-10)
2374,Field Sales,Go-To-Market,Manager,6,United Kingdom,EMEA,1,10,7,3,3,70.2,0.9727,0.3,2. Healthy (4-10)
2462,Inside Sales,Go-To-Market,Manager,6,India,APAC,1,10,8,2,2,69.6,1.0059,0.2,2. Healthy (4-10)
2693,Product Management,Technology,Manager,6,Poland,EMEA,1,10,8,2,1,66.5,0.9363,0.2,2. Healthy (4-10)
2778,Inside Sales,Go-To-Market,Manager,6,Canada,North America,0,10,10,0,0,71.0,0.9855,0.0,2. Healthy (4-10)
279,IT Operations,Technology,Manager,6,Poland,EMEA,1,10,10,0,0,63.6,0.9696,0.0,2. Healthy (4-10)
298,Manufacturing,Operations,Manager,6,United States,North America,1,10,8,2,2,66.5,0.9914,0.2,2. Healthy (4-10)
533,Customer Support,Operations,Manager,6,India,APAC,1,10,10,0,0,82.2,0.9832,0.0,2. Healthy (4-10)
538,Inside Sales,Go-To-Market,Manager,6,Canada,North America,0,10,7,3,1,74.9,1.0078,0.3,2. Healthy (4-10)
556,Field Sales,Go-To-Market,Manager,6,Canada,North America,1,10,8,2,2,73.3,1.0141,0.2,2. Healthy (4-10)
589,Software Engineering,Technology,Manager,6,United Kingdom,EMEA,1,10,7,3,2,69.9,1.0519,0.3,2. Healthy (4-10)
661,Supply Chain,Operations,Manager,6,Mexico,Latin America,1,10,6,4,4,71.3,0.9913,0.4,2. Healthy (4-10)
725,Customer Support,Operations,Manager,6,Canada,North America,1,10,9,1,1,74.5,1.0121,0.1,2. Healthy (4-10)
932,Inside Sales,Go-To-Market,Manager,6,Canada,North America,0,10,7,3,2,70.5,0.9995,0.3,2. Healthy (4-10)
937,Marketing,Go-To-Market,Manager,6,India,APAC,1,10,8,2,1,72.5,0.9579,0.2,2. Healthy (4-10)
1260,Product Management,Technology,Manager,6,India,APAC,0,9,5,4,2,61.8,0.9729,0.4444,2. Healthy (4-10)
1370,Field Sales,Go-To-Market,Manager,6,Germany,EMEA,0,9,8,1,1,75.8,0.9856,0.1111,2. Healthy (4-10)
1391,Marketing,Go-To-Market,Manager,6,Canada,North America,1,9,7,2,1,67.5,0.9757,0.2222,2. Healthy (4-10)
1549,Human Resources,Corporate,Manager,6,Canada,North America,1,9,7,2,2,58.6,1.0097,0.2222,2. Healthy (4-10)
157,Finance & Accounting,Corporate,Manager,6,Canada,North America,1,9,6,3,2,73.1,1.0123,0.3333,2. Healthy (4-10)
2213,IT Operations,Technology,Manager,6,Canada,North America,0,9,4,5,4,65.6,1.006,0.5556,2. Healthy (4-10)
2221,Customer Support,Operations,Manager,6,Germany,EMEA,1,9,8,1,0,67.7,1.0139,0.1111,2. Healthy (4-10)
2279,Data & Analytics,Technology,Manager,6,Canada,North America,1,9,5,4,4,75.8,0.9966,0.4444,2. Healthy (4-10)
2455,Software Engineering,Technology,Manager,6,Poland,EMEA,0,9,4,5,2,72.2,0.9672,0.5556,2. Healthy (4-10)
2692,Software Engineering,Technology,Director,8,Canada,North America,0,9,8,1,1,76.9,1.0338,0.1111,2. Healthy (4-10)
387,Field Sales,Go-To-Market,Manager,6,India,APAC,1,9,7,2,1,77.8,0.9529,0.2222,2. Healthy (4-10)
439,Data & Analytics,Technology,Manager,6,Canada,North America,1,9,6,3,1,68.8,0.9829,0.3333,2. Healthy (4-10)
488,Product Management,Technology,Manager,6,India,APAC,1,9,9,0,0,67.8,1.0023,0.0,2. Healthy (4-10)
656,Customer Support,Operations,Manager,6,Canada,North America,1,9,8,1,0,78.6,1.0392,0.1111,2. Healthy (4-10)
1314,Marketing,Go-To-Market,Manager,6,Singapore,APAC,1,8,7,1,1,72.1,1.0332,0.125,2. Healthy (4-10)
1364,Finance & Accounting,Corporate,Manager,6,Germany,EMEA,1,8,8,0,0,69.5,1.045,0.0,2. Healthy (4-10)
1447,Software Engineering,Technology,Manager,6,Germany,EMEA,1,8,7,1,1,71.9,0.9963,0.125,2. Healthy (4-10)
1603,Finance & Accounting,Corporate,Manager,6,India,APAC,1,8,2,6,5,78.3,0.9917,0.75,1. Thin (<4)
1650,Inside Sales,Go-To-Market,Manager,6,Germany,EMEA,1,8,6,2,1,70.4,1.0112,0.25,2. Healthy (4-10)
1655,Manufacturing,Operations,Manager,6,India,APAC,1,8,6,2,2,75.5,0.9547,0.25,2. Healthy (4-10)
1781,Field Sales,Go-To-Market,Manager,6,India,APAC,1,8,6,2,2,59.9,1.0055,0.25,2. Healthy (4-10)
1836,Finance & Accounting,Corporate,Manager,6,India,APAC,1,8,6,2,2,68.7,1.0123,0.25,2. Healthy (4-10)
1881,Finance & Accounting,Corporate,Manager,6,India,APAC,1,8,5,3,3,71.3,1.0021,0.375,2. Healthy (4-10)
1971,Product Management,Technology,Manager,6,Canada,North America,1,8,5,3,2,67.1,0.9487,0.375,2. Healthy (4-10)
1990,Field Sales,Go-To-Market,Manager,6,United States,North America,1,8,6,2,2,68.0,0.9427,0.25,2. Healthy (4-10)
2048,IT Operations,Technology,Director,8,India,APAC,0,8,7,1,1,68.6,1.0131,0.125,2. Healthy (4-10)
2412,Field Sales,Go-To-Market,Manager,6,India,APAC,0,8,8,0,0,74.8,1.0287,0.0,2. Healthy (4-10)
2492,Product Management,Technology,Manager,6,Canada,North America,1,8,7,1,0,69.4,0.9897,0.125,2. Healthy (4-10)
2546,Customer Support,Operations,Manager,6,Canada,North America,1,8,8,0,0,77.3,1.0021,0.0,2. Healthy (4-10)
2596,Data & Analytics,Technology,Manager,6,Canada,North America,1,8,5,3,2,64.6,0.9842,0.375,2. Healthy (4-10)
2714,Finance & Accounting,Corporate,Manager,6,Canada,North America,1,8,8,0,0,67.1,0.9729,0.0,2. Healthy (4-10)
2782,Finance & Accounting,Corporate,Director,8,United States,North America,0,8,6,2,0,75.9,1.0071,0.25,2. Healthy (4-10)
359,Data & Analytics,Technology,Manager,6,Canada,North America,1,8,7,1,1,69.4,1.008,0.125,2. Healthy (4-10)
385,Field Sales,Go-To-Market,Manager,6,Canada,North America,0,8,7,1,1,63.4,0.9396,0.125,2. Healthy (4-10)
402,Supply Chain,Operations,Manager,6,Canada,North America,1,8,7,1,1,65.6,0.9973,0.125,2. Healthy (4-10)
406,Customer Support,Operations,Manager,6,India,APAC,1,8,6,2,2,74.6,0.974,0.25,2. Healthy (4-10)
713,Inside Sales,Go-To-Market,Manager,6,Canada,North America,1,8,6,2,2,64.4,1.0169,0.25,2. Healthy (4-10)
749,Human Resources,Corporate,Manager,6,United States,North America,1,8,6,2,1,63.0,0.9823,0.25,2. Healthy (4-10)
935,Data & Analytics,Technology,Manager,6,Mexico,Latin America,1,8,7,1,0,72.0,1.008,0.125,2. Healthy (4-10)
1,Supply Chain,Operations,Manager,6,Canada,North America,1,7,4,3,3,75.7,0.9757,0.4286,2. Healthy (4-10)
1069,Field Sales,Go-To-Market,Manager,6,Mexico,Latin America,0,7,5,2,2,74.3,0.9634,0.2857,2. Healthy (4-10)
116,Data & Analytics,Technology,Manager,6,United Kingdom,EMEA,1,7,7,0,0,63.2,0.9861,0.0,2. Healthy (4-10)
1235,IT Operations,Technology,Manager,6,India,APAC,1,7,7,0,0,74.1,0.9854,0.0,2. Healthy (4-10)
131,Product Management,Technology,Senior Manager,7,India,APAC,0,7,4,3,3,78.4,0.9783,0.4286,2. Healthy (4-10)
1482,Supply Chain,Operations,Manager,6,United States,North America,0,7,7,0,0,80.4,1.0249,0.0,2. Healthy (4-10)
1618,Finance & Accounting,Corporate,Manager,6,India,APAC,1,7,5,2,1,64.5,1.0158,0.2857,2. Healthy (4-10)
1638,Supply Chain,Operations,Manager,6,Canada,North America,0,7,5,2,2,63.0,1.0303,0.2857,2. Healthy (4-10)
1692,Product Management,Technology,Manager,6,United States,North America,1,7,7,0,0,64.2,0.9666,0.0,2. Healthy (4-10)
1742,Finance & Accounting,Corporate,Manager,6,Poland,EMEA,1,7,5,2,1,76.5,0.9785,0.2857,2. Healthy (4-10)
1821,Manufacturing,Operations,Manager,6,India,APAC,1,7,6,1,1,62.6,0.9928,0.1429,2. Healthy (4-10)
191,Inside Sales,Go-To-Market,Manager,6,United States,North America,0,7,4,3,1,67.6,0.9779,0.4286,2. Healthy (4-10)
2063,Field Sales,Go-To-Market,Manager,6,Poland,EMEA,1,7,6,1,1,72.8,0.9675,0.1429,2. Healthy (4-10)
2084,Customer Support,Operations,Director,8,Poland,EMEA,0,7,4,3,1,72.0,1.0052,0.4286,2. Healthy (4-10)
2099,Manufacturing,Operations,Manager,6,India,APAC,0,7,5,2,2,77.8,0.9743,0.2857,2. Healthy (4-10)
2728,Human Resources,Corporate,Manager,6,Mexico,Latin America,1,7,7,0,0,71.2,0.9554,0.0,2. Healthy (4-10)
834,Supply Chain,Operations,Manager,6,Canada,North America,1,7,6,1,1,68.8,0.9837,0.1429,2. Healthy (4-10)
845,Human Resources,Corporate,Manager,6,Canada,North America,0,7,6,1,1,65.8,0.9737,0.1429,2. Healthy (4-10)
1019,Human Resources,Corporate,Manager,6,Canada,North America,1,6,5,1,1,63.8,1.0056,0.1667,2. Healthy (4-10)
108,Supply Chain,Operations,Senior Manager,7,Canada,North America,1,6,4,2,2,65.6,1.0003,0.3333,2. Healthy (4-10)
1083,Field Sales,Go-To-Market,Manager,6,Poland,EMEA,1,6,5,1,0,72.0,1.062,0.1667,2. Healthy (4-10)
1449,Customer Support,Operations,Director,8,Canada,North America,1,6,6,0,0,69.3,1.0418,0.0,2. Healthy (4-10)
1639,Human Resources,Corporate,Manager,6,Mexico,Latin America,1,6,5,1,1,72.6,1.0548,0.1667,2. Healthy (4-10)
1675,Supply Chain,Operations,Manager,6,Canada,North America,0,6,4,2,1,62.2,1.034,0.3333,2. Healthy (4-10)
1718,Customer Support,Operations,Manager,6,Canada,North America,1,6,3,3,3,77.6,0.9732,0.5,1. Thin (<4)
1826,Finance & Accounting,Corporate,Manager,6,United Kingdom,EMEA,1,6,6,0,0,65.2,0.9685,0.0,2. Healthy (4-10)
231,Supply Chain,Operations,Director,8,United Kingdom,EMEA,1,6,5,1,0,62.6,1.0058,0.1667,2. Healthy (4-10)
2325,Supply Chain,Operations,Manager,6,Mexico,Latin America,1,6,6,0,0,73.2,0.9726,0.0,2. Healthy (4-10)
2527,Finance & Accounting,Corporate,Manager,6,Poland,EMEA,1,6,5,1,1,87.0,0.9989,0.1667,2. Healthy (4-10)
2555,Field Sales,Go-To-Market,Senior Manager,7,Poland,EMEA,0,6,5,1,1,62.7,0.9932,0.1667,2. Healthy (4-10)
2606,Product Management,Technology,Manager,6,United States,North America,1,6,6,0,0,75.3,0.9859,0.0,2. Healthy (4-10)
2791,Data & Analytics,Technology,Manager,6,Canada,North America,0,6,3,3,2,60.7,0.991,0.5,1. Thin (<4)
288,Product Management,Technology,Manager,6,Canada,North America,1,6,5,1,1,66.2,0.9802,0.1667,2. Healthy (4-10)
443,Data & Analytics,Technology,Manager,6,Poland,EMEA,1,6,4,2,2,78.0,0.9767,0.3333,2. Healthy (4-10)
613,Field Sales,Go-To-Market,Manager,6,Canada,North America,1,6,5,1,1,74.6,1.0316,0.1667,2. Healthy (4-10)
645,Finance & Accounting,Corporate,Manager,6,Singapore,APAC,1,6,5,1,1,66.8,0.9666,0.1667,2. Healthy (4-10)
835,Manufacturing,Operations,Manager,6,Singapore,APAC,1,6,3,3,2,66.8,0.9868,0.5,1. Thin (<4)
1123,Finance & Accounting,Corporate,Manager,6,Poland,EMEA,1,5,5,0,0,73.9,0.9634,0.0,2. Healthy (4-10)
1337,Human Resources,Corporate,Senior Manager,7,Canada,North America,1,5,4,1,1,75.2,1.01,0.2,2. Healthy (4-10)
1429,Data & Analytics,Technology,Manager,6,Canada,North America,1,5,4,1,1,63.1,0.9839,0.2,2. Healthy (4-10)
2100,Software Engineering,Technology,Director,8,India,APAC,1,5,4,1,1,64.9,0.926,0.2,2. Healthy (4-10)
2227,Human Resources,Corporate,Senior Manager,7,Canada,North America,0,5,5,0,0,82.8,1.0414,0.0,2. Healthy (4-10)
2534,Data & Analytics,Technology,Manager,6,Canada,North America,1,5,2,3,2,70.0,0.9527,0.6,1. Thin (<4)
2561,Finance & Accounting,Corporate,Manager,6,India,APAC,1,5,2,3,2,66.8,0.9862,0.6,1. Thin (<4)
2694,Data & Analytics,Technology,Senior Manager,7,United States,North America,1,5,5,0,0,62.6,1.0113,0.0,2. Healthy (4-10)
737,Inside Sales,Go-To-Market,Director,8,India,APAC,0,5,4,1,1,77.6,0.9942,0.2,2. Healthy (4-10)
918,Product Management,Technology,Director,8,Canada,North America,0,5,5,0,0,56.9,0.9782,0.0,2. Healthy (4-10)
998,Inside Sales,Go-To-Market,Director,8,Canada,North America,1,5,4,1,0,77.0,1.0348,0.2,2. Healthy (4-10)
1116,Customer Support,Operations,Manager,6,Mexico,Latin America,0,4,4,0,0,67.9,1.0064,0.0,2. Healthy (4-10)
136,Product Management,Technology,Director,8,Canada,North America,1,4,4,0,0,62.8,0.9795,0.0,2. Healthy (4-10)
1384,Marketing,Go-To-Market,Director,8,Singapore,APAC,1,4,4,0,0,73.8,1.0206,0.0,2. Healthy (4-10)
1460,Data & Analytics,Technology,Senior Manager,7,Canada,North America,1,4,3,1,0,64.5,1.0918,0.25,1. Thin (<4)
2147,Finance & Accounting,Corporate,Senior Manager,7,India,APAC,1,4,4,0,0,70.6,1.0018,0.0,2. Healthy (4-10)
2358,Data & Analytics,Technology,Manager,6,Poland,EMEA,1,4,4,0,0,78.0,1.0756,0.0,2. Healthy (4-10)
2457,Field Sales,Go-To-Market,Senior Manager,7,Poland,EMEA,0,4,0,4,3,80.9,0.9735,1.0,1. Thin (<4)
2593,Finance & Accounting,Corporate,Manager,6,Germany,EMEA,1,4,4,0,0,72.5,1.012,0.0,2. Healthy (4-10)
2798,Manufacturing,Operations,Senior Manager,7,Canada,North America,1,4,3,1,1,66.9,0.9676,0.25,1. Thin (<4)
305,Inside Sales,Go-To-Market,Senior Manager,7,Germany,EMEA,1,4,4,0,0,63.2,0.9611,0.0,2. Healthy (4-10)
350,IT Operations,Technology,Director,8,Canada,North America,1,4,2,2,2,79.2,0.966,0.5,1. Thin (<4)
456,Supply Chain,Operations,Senior Manager,7,United States,North America,1,4,2,2,2,73.2,1.0089,0.5,1. Thin (<4)
791,Marketing,Go-To-Market,Director,8,Canada,North America,0,4,3,1,1,69.3,0.9644,0.25,1. Thin (<4)
963,Supply Chain,Operations,Manager,6,United States,North America,0,4,4,0,0,54.3,0.9316,0.0,2. Healthy (4-10)
1177,Human Resources,Corporate,Senior Manager,7,United Kingdom,EMEA,1,3,2,1,1,86.1,0.9466,0.3333,1. Thin (<4)
1203,Manufacturing,Operations,Senior Manager,7,Singapore,APAC,1,3,2,1,1,68.8,1.0548,0.3333,1. Thin (<4)
1236,Inside Sales,Go-To-Market,Senior Manager,7,United States,North America,1,3,2,1,1,75.9,0.8994,0.3333,1. Thin (<4)
1243,Data & Analytics,Technology,Director,8,Canada,North America,1,3,3,0,0,80.7,1.0612,0.0,1. Thin (<4)
1402,Finance & Accounting,Corporate,Senior Manager,7,Germany,EMEA,1,3,3,0,0,54.6,0.9978,0.0,1. Thin (<4)
1653,Finance & Accounting,Corporate,Manager,6,India,APAC,1,3,2,1,1,75.2,0.9367,0.3333,1. Thin (<4)
1686,Data & Analytics,Technology,Director,8,India,APAC,0,3,2,1,0,64.9,0.9702,0.3333,1. Thin (<4)
1771,IT Operations,Technology,Senior Manager,7,Germany,EMEA,1,3,3,0,0,75.9,1.0749,0.0,1. Thin (<4)
1987,Customer Support,Operations,Senior Manager,7,Poland,EMEA,1,3,3,0,0,69.5,0.9636,0.0,1. Thin (<4)
2105,IT Operations,Technology,Senior Manager,7,Canada,North America,1,3,3,0,0,92.6,1.0114,0.0,1. Thin (<4)
2149,Finance & Accounting,Corporate,Manager,6,Mexico,Latin America,1,3,2,1,1,72.0,1.0091,0.3333,1. Thin (<4)
2344,Finance & Accounting,Corporate,Senior Manager,7,Canada,North America,1,3,3,0,0,51.5,0.9868,0.0,1. Thin (<4)
2489,Finance & Accounting,Corporate,Senior Manager,7,Singapore,APAC,1,3,3,0,0,69.3,0.9671,0.0,1. Thin (<4)
2565,Finance & Accounting,Corporate,Manager,6,Mexico,Latin America,1,3,1,2,2,64.2,0.9568,0.6667,1. Thin (<4)
2677,Finance & Accounting,Corporate,Senior Manager,7,Germany,EMEA,0,3,3,0,0,86.3,0.9541,0.0,1. Thin (<4)
2684,Human Resources,Corporate,Senior Manager,7,India,APAC,1,3,2,1,1,68.7,0.9469,0.3333,1. Thin (<4)
2696,Customer Support,Operations,Senior Manager,7,Canada,North America,1,3,3,0,0,58.9,1.0159,0.0,1. Thin (<4)
382,Product Management,Technology,Senior Manager,7,United Kingdom,EMEA,1,3,3,0,0,67.5,0.9402,0.0,1. Thin (<4)
427,Data & Analytics,Technology,Senior Manager,7,Canada,North America,1,3,2,1,1,56.5,0.9617,0.3333,1. Thin (<4)
453,Supply Chain,Operations,Director,8,India,APAC,0,3,2,1,1,71.5,1.088,0.3333,1. Thin (<4)
559,Field Sales,Go-To-Market,Manager,6,Poland,EMEA,0,3,2,1,1,62.0,1.0395,0.3333,1. Thin (<4)
75,Finance & Accounting,Corporate,Manager,6,India,APAC,1,3,2,1,1,76.4,0.9288,0.3333,1. Thin (<4)
784,Inside Sales,Go-To-Market,Senior Manager,7,Canada,North America,0,3,1,2,2,61.3,0.9571,0.6667,1. Thin (<4)
884,Finance & Accounting,Corporate,Senior Manager,7,Mexico,Latin America,1,3,3,0,0,60.7,0.9962,0.0,1. Thin (<4)
975,IT Operations,Technology,Director,8,Canada,North America,1,3,3,0,0,70.1,1.0173,0.0,1. Thin (<4)
1075,Data & Analytics,Technology,Senior Manager,7,India,APAC,0,2,1,1,1,66.3,0.9325,0.5,1. Thin (<4)
113,Customer Support,Operations,Senior Manager,7,Canada,North America,1,2,2,0,0,85.5,0.9902,0.0,1. Thin (<4)
1172,Product Management,Technology,Senior Manager,7,Canada,North America,1,2,2,0,0,76.6,1.0216,0.0,1. Thin (<4)
1175,Supply Chain,Operations,Senior Manager,7,United States,North America,1,2,2,0,0,85.3,1.0041,0.0,1. Thin (<4)
1213,Manufacturing,Operations,Senior Manager,7,United Kingdom,EMEA,1,2,1,1,1,50.6,1.1208,0.5,1. Thin (<4)
1703,Marketing,Go-To-Market,Senior Manager,7,Canada,North America,1,2,2,0,0,67.2,0.979,0.0,1. Thin (<4)
1708,IT Operations,Technology,Senior Manager,7,India,APAC,1,2,2,0,0,68.3,1.0041,0.0,1. Thin (<4)
1713,Product Management,Technology,Senior Manager,7,Canada,North America,1,2,2,0,0,80.8,1.0501,0.0,1. Thin (<4)
1733,Inside Sales,Go-To-Market,Senior Manager,7,India,APAC,1,2,1,1,1,57.4,1.0248,0.5,1. Thin (<4)
1762,Finance & Accounting,Corporate,Director,8,Germany,EMEA,1,2,1,1,1,88.8,0.9929,0.5,1. Thin (<4)
1786,Product Management,Technology,Senior Manager,7,Canada,North America,1,2,2,0,0,59.6,1.0171,0.0,1. Thin (<4)
186,Customer Support,Operations,Senior Manager,7,India,APAC,1,2,2,0,0,71.0,0.9417,0.0,1. Thin (<4)
1943,Customer Support,Operations,Manager,6,Mexico,Latin America,0,2,2,0,0,75.3,1.0742,0.0,1. Thin (<4)
1966,Inside Sales,Go-To-Market,Director,8,Canada,North America,1,2,2,0,0,75.7,0.9804,0.0,1. Thin (<4)
2006,Customer Support,Operations,Senior Manager,7,Mexico,Latin America,1,2,0,2,2,66.3,1.0014,1.0,1. Thin (<4)
2047,Finance & Accounting,Corporate,Director,8,India,APAC,1,2,1,1,1,47.8,0.9925,0.5,1. Thin (<4)
2133,Product Management,Technology,Senior Manager,7,Canada,North America,1,2,2,0,0,77.8,0.9604,0.0,1. Thin (<4)
2159,Human Resources,Corporate,Director,8,Canada,North America,1,2,2,0,0,52.3,1.069,0.0,1. Thin (<4)
2195,Data & Analytics,Technology,Senior Manager,7,India,APAC,1,2,2,0,0,88.9,1.0367,0.0,1. Thin (<4)
2200,Supply Chain,Operations,Senior Manager,7,India,APAC,0,2,1,1,1,61.3,1.0077,0.5,1. Thin (<4)
2437,Inside Sales,Go-To-Market,Senior Manager,7,India,APAC,1,2,2,0,0,69.3,0.9977,0.0,1. Thin (<4)
2438,Marketing,Go-To-Market,Director,8,Poland,EMEA,1,2,1,1,0,62.3,1.014,0.5,1. Thin (<4)
2449,IT Operations,Technology,Senior Manager,7,Canada,North America,0,2,2,0,0,56.9,0.9931,0.0,1. Thin (<4)
2483,Marketing,Go-To-Market,Senior Manager,7,India,APAC,1,2,1,1,1,66.8,0.8941,0.5,1. Thin (<4)
2578,Data & Analytics,Technology,Manager,6,Poland,EMEA,1,2,2,0,0,68.1,0.9825,0.0,1. Thin (<4)
294,Customer Support,Operations,Senior Manager,7,India,APAC,0,2,2,0,0,59.9,0.8912,0.0,1. Thin (<4)
327,Data & Analytics,Technology,Manager,6,Poland,EMEA,1,2,2,0,0,70.9,1.0004,0.0,1. Thin (<4)
330,Software Engineering,Technology,Director,8,Poland,EMEA,1,2,2,0,0,76.5,1.0068,0.0,1. Thin (<4)
334,Human Resources,Corporate,Director,8,Canada,North America,1,2,2,0,0,83.3,0.9892,0.0,1. Thin (<4)
515,Finance & Accounting,Corporate,Director,8,India,APAC,1,2,2,0,0,80.5,0.9764,0.0,1. Thin (<4)
587,Software Engineering,Technology,Senior Manager,7,United Kingdom,EMEA,1,2,2,0,0,70.1,1.0056,0.0,1. Thin (<4)
624,IT Operations,Technology,Senior Manager,7,Singapore,APAC,0,2,2,0,0,71.0,0.9512,0.0,1. Thin (<4)
699,Finance & Accounting,Corporate,Senior Manager,7,India,APAC,0,2,2,0,0,57.4,0.9992,0.0,1. Thin (<4)
702,Marketing,Go-To-Market,Director,8,Canada,North America,0,2,2,0,0,60.6,0.9968,0.0,1. Thin (<4)
74,Manufacturing,Operations,Senior Manager,7,India,APAC,1,2,1,1,1,64.1,1.0076,0.5,1. Thin (<4)
87,Software Engineering,Technology,Senior Manager,7,United States,North America,1,2,2,0,0,81.3,1.0657,0.0,1. Thin (<4)
949,Inside Sales,Go-To-Market,Senior Manager,7,Canada,North America,1,2,0,2,2,69.5,0.9043,1.0,1. Thin (<4)
996,Data & Analytics,Technology,Senior Manager,7,Canada,North America,1,2,2,0,0,80.5,1.1383,0.0,1. Thin (<4)
1008,IT Operations,Technology,Senior Manager,7,Canada,North America,1,1,0,1,1,53.7,0.9706,1.0,1. Thin (<4)
1100,Product Management,Technology,Senior Manager,7,Canada,North America,1,1,1,0,0,77.9,0.9853,0.0,1. Thin (<4)
1155,Finance & Accounting,Corporate,Director,8,India,APAC,1,1,1,0,0,85.2,0.9422,0.0,1. Thin (<4)
12,Software Engineering,Technology,Senior Manager,7,United States,North America,1,1,1,0,0,85.0,0.9768,0.0,1. Thin (<4)
1216,Inside Sales,Go-To-Market,Senior Manager,7,Canada,North America,1,1,0,1,1,71.0,0.9127,1.0,1. Thin (<4)
1228,IT Operations,Technology,Senior Manager,7,India,APAC,1,1,1,0,0,90.9,0.9811,0.0,1. Thin (<4)
1390,Customer Support,Operations,Senior Manager,7,Canada,North America,1,1,0,1,1,61.1,1.1176,1.0,1. Thin (<4)
1394,Data & Analytics,Technology,Senior Manager,7,Singapore,APAC,1,1,1,0,0,50.9,1.0754,0.0,1. Thin (<4)
143,Manufacturing,Operations,Senior Manager,7,Canada,North America,1,1,1,0,0,79.2,0.9986,0.0,1. Thin (<4)
149,Software Engineering,Technology,Director,8,Poland,EMEA,1,1,1,0,0,83.1,1.0048,0.0,1. Thin (<4)
1514,Software Engineering,Technology,Senior Manager,7,Canada,North America,0,1,1,0,0,83.2,0.9462,0.0,1. Thin (<4)
1586,Marketing,Go-To-Market,Senior Manager,7,Canada,North America,1,1,1,0,0,77.0,1.1176,0.0,1. Thin (<4)
1642,Data & Analytics,Technology,Director,8,United States,North America,0,1,1,0,0,58.4,0.9751,0.0,1. Thin (<4)
1689,Manufacturing,Operations,Senior Manager,7,Canada,North America,1,1,1,0,0,62.7,1.0792,0.0,1. Thin (<4)
1711,Marketing,Go-To-Market,Senior Manager,7,Canada,North America,1,1,1,0,0,78.8,0.9789,0.0,1. Thin (<4)
1783,Marketing,Go-To-Market,Senior Manager,7,United States,North America,1,1,1,0,0,61.0,0.9,0.0,1. Thin (<4)
1834,Marketing,Go-To-Market,Director,8,Mexico,Latin America,0,1,1,0,0,83.2,0.9359,0.0,1. Thin (<4)
1843,Human Resources,Corporate,Senior Manager,7,Canada,North America,1,1,1,0,0,62.4,1.095,0.0,1. Thin (<4)
1907,Manufacturing,Operations,Senior Manager,7,India,APAC,1,1,1,0,0,72.4,0.8912,0.0,1. Thin (<4)
1928,Data & Analytics,Technology,Director,8,India,APAC,1,1,1,0,0,67.1,1.0453,0.0,1. Thin (<4)
1934,Human Resources,Corporate,Director,8,Canada,North America,1,1,0,1,0,65.6,1.036,1.0,1. Thin (<4)
1952,Software Engineering,Technology,Senior Manager,7,Singapore,APAC,1,1,1,0,0,63.8,1.1195,0.0,1. Thin (<4)
2004,Manufacturing,Operations,Senior Manager,7,India,APAC,0,1,1,0,0,82.6,1.0369,0.0,1. Thin (<4)
2090,Marketing,Go-To-Market,Senior Manager,7,India,APAC,1,1,0,1,1,59.9,0.8548,1.0,1. Thin (<4)
2128,Product Management,Technology,Senior Manager,7,Canada,North America,1,1,0,1,1,54.9,0.8477,1.0,1. Thin (<4)
2139,Finance & Accounting,Corporate,Senior Manager,7,Canada,North America,1,1,1,0,0,60.2,0.8106,0.0,1. Thin (<4)
2141,Marketing,Go-To-Market,Senior Manager,7,Canada,North America,1,1,1,0,0,52.6,0.9676,0.0,1. Thin (<4)
2142,Field Sales,Go-To-Market,Director,8,Canada,North America,1,1,0,1,0,71.9,0.9416,1.0,1. Thin (<4)
2144,Supply Chain,Operations,Director,8,Mexico,Latin America,1,1,1,0,0,78.1,1.0459,0.0,1. Thin (<4)
2176,Data & Analytics,Technology,Senior Manager,7,India,APAC,1,1,1,0,0,85.0,0.939,0.0,1. Thin (<4)
2233,Software Engineering,Technology,Senior Manager,7,Canada,North America,1,1,0,1,1,67.7,0.9058,1.0,1. Thin (<4)
2271,Marketing,Go-To-Market,Senior Manager,7,India,APAC,1,1,1,0,0,48.7,0.9494,0.0,1. Thin (<4)
2273,Inside Sales,Go-To-Market,Director,8,India,APAC,0,1,1,0,0,38.7,0.8506,0.0,1. Thin (<4)
2310,Human Resources,Corporate,Director,8,India,APAC,1,1,1,0,0,74.0,0.9948,0.0,1. Thin (<4)
2345,Finance & Accounting,Corporate,Senior Manager,7,Canada,North America,1,1,1,0,0,65.3,1.0364,0.0,1. Thin (<4)
236,Field Sales,Go-To-Market,Director,8,United States,North America,1,1,0,1,1,54.9,0.9062,1.0,1. Thin (<4)
2496,Marketing,Go-To-Market,Senior Manager,7,Canada,North America,0,1,1,0,0,49.7,1.0092,0.0,1. Thin (<4)
255,Finance & Accounting,Corporate,Senior Manager,7,Canada,North America,0,1,1,0,0,46.1,1.0444,0.0,1. Thin (<4)
2551,Data & Analytics,Technology,Director,8,India,APAC,1,1,1,0,0,51.7,1.0926,0.0,1. Thin (<4)
2579,Field Sales,Go-To-Market,Director,8,Canada,North America,1,1,1,0,0,67.3,0.9652,0.0,1. Thin (<4)
2583,Software Engineering,Technology,Senior Manager,7,Singapore,APAC,1,1,0,1,1,65.4,0.9301,1.0,1. Thin (<4)
2629,Supply Chain,Operations,Senior Manager,7,Poland,EMEA,0,1,1,0,0,54.3,0.9936,0.0,1. Thin (<4)
2653,Product Management,Technology,Director,8,India,APAC,1,1,0,1,0,69.4,0.9082,1.0,1. Thin (<4)
2736,Finance & Accounting,Corporate,Manager,6,Mexico,Latin America,1,1,1,0,0,50.3,1.0272,0.0,1. Thin (<4)
2754,Software Engineering,Technology,Senior Manager,7,Canada,North America,1,1,1,0,0,70.1,0.9927,0.0,1. Thin (<4)
2768,Marketing,Go-To-Market,Senior Manager,7,Germany,EMEA,0,1,1,0,0,53.7,0.9905,0.0,1. Thin (<4)
328,Marketing,Go-To-Market,Senior Manager,7,India,APAC,1,1,1,0,0,100.0,1.0407,0.0,1. Thin (<4)
449,Software Engineering,Technology,Senior Manager,7,Canada,North America,1,1,1,0,0,75.4,0.9128,0.0,1. Thin (<4)
519,Finance & Accounting,Corporate,Senior Manager,7,Canada,North America,0,1,1,0,0,75.6,0.973,0.0,1. Thin (<4)
572,Marketing,Go-To-Market,Director,8,Canada,North America,1,1,1,0,0,70.7,0.9889,0.0,1. Thin (<4)
579,Supply Chain,Operations,Director,8,India,APAC,1,1,1,0,0,50.0,1.0334,0.0,1. Thin (<4)
609,Inside Sales,Go-To-Market,Senior Manager,7,Canada,North America,1,1,1,0,0,64.3,0.9806,0.0,1. Thin (<4)
708,Software Engineering,Technology,Senior Manager,7,Poland,EMEA,1,1,0,1,1,69.2,0.9737,1.0,1. Thin (<4)
77,Inside Sales,Go-To-Market,Director,8,United States,North America,1,1,1,0,0,78.7,1.0136,0.0,1. Thin (<4)
841,Product Management,Technology,Senior Manager,7,Canada,North America,1,1,1,0,0,65.2,0.9739,0.0,1. Thin (<4)
857,Customer Support,Operations,Senior Manager,7,India,APAC,0,1,1,0,0,65.4,1.0175,0.0,1. Thin (<4)
901,Customer Support,Operations,Senior Manager,7,Canada,North America,1,1,1,0,0,90.3,0.9989,0.0,1. Thin (<4)
951,Software Engineering,Technology,Senior Manager,7,India,APAC,0,1,0,1,1,64.7,0.9755,1.0,1. Thin (<4)
965,IT Operations,Technology,Senior Manager,7,Canada,North America,0,1,1,0,0,86.9,1.0132,0.0,1. Thin (<4)
